tenure_months,monthly_charges,support_tickets_3m,contract_type,autopay,usage_gb,churn
6,84.96,2,one-year,1,51.7,1
55,54.95,0,month-to-month,1,104.8,0
47,67.27,1,month-to-month,0,138.1,0
31,11.8,2,month-to-month,1,75.9,0
31,36.87,2,month-to-month,1,82.5,0
61,54.12,0,month-to-month,1,127.5,0
6,38.56,0,month-to-month,0,26.6,0
50,74.29,0,month-to-month,0,158.8,1
14,99.95,2,month-to-month,0,175.5,1
6,36.47,0,two-year,0,5.0,0
37,43.25,1,one-year,0,86.6,0
70,64.71,1,month-to-month,0,64.8,0
52,92.22,1,month-to-month,0,80.7,1
54,35.55,1,month-to-month,1,75.4,0
51,64.98,1,one-year,0,118.4,0
56,96.43,3,month-to-month,1,86.1,0
36,26.96,1,month-to-month,0,58.1,0
9,34.38,0,month-to-month,1,84.0,1
60,51.53,0,month-to-month,0,108.0,0
32,49.59,0,month-to-month,1,48.6,0
36,76.25,4,two-year,1,32.4,0
26,64.83,2,two-year,0,159.7,0
13,24.5,2,month-to-month,1,67.5,1
66,70.31,5,month-to-month,0,85.2,0
56,48.45,1,month-to-month,1,76.1,0
46,85.49,1,month-to-month,0,109.2,0
28,47.45,1,month-to-month,0,152.0,0
59,47.27,1,month-to-month,0,110.3,1
39,70.82,1,one-year,1,36.9,0
31,75.26,0,two-year,0,41.6,0
32,68.96,2,one-year,1,76.0,0
16,26.29,2,one-year,0,80.6,1
6,70.76,1,month-to-month,0,29.7,1
39,39.31,1,month-to-month,0,118.7,0
63,64.71,0,month-to-month,1,52.0,0
4,31.53,0,month-to-month,1,142.3,0
61,68.93,1,month-to-month,0,153.7,0
59,43.87,1,one-year,1,81.3,0
19,34.35,1,month-to-month,0,105.4,0
45,74.28,1,month-to-month,0,46.9,1
11,64.83,2,month-to-month,0,111.8,0
54,47.72,0,two-year,0,72.6,0
50,89.02,2,month-to-month,0,51.9,0
25,51.19,0,month-to-month,1,79.9,0
4,60.64,2,month-to-month,0,73.7,0
69,65.38,2,one-year,1,78.6,0
32,47.61,1,two-year,1,123.2,1
64,69.42,0,month-to-month,1,62.5,0
48,49.33,0,two-year,1,150.7,0
56,51.77,1,month-to-month,1,43.6,0
54,87.25,0,one-year,0,146.5,0
14,39.19,1,month-to-month,0,54.4,0
26,11.74,3,month-to-month,0,90.0,1
33,92.22,0,one-year,1,72.8,0
35,110.99,1,month-to-month,0,78.0,1
3,51.89,0,month-to-month,1,118.0,0
39,21.26,0,one-year,1,142.5,0
11,53.79,0,two-year,0,131.7,0
53,54.28,1,month-to-month,1,75.8,0
49,56.2,0,one-year,0,96.4,0
66,37.73,2,one-year,0,62.6,0
53,71.59,1,month-to-month,1,55.3,0
26,70.49,2,two-year,0,49.9,0
69,30.11,5,month-to-month,0,74.7,0
29,73.98,3,one-year,0,98.7,0
23,101.05,1,month-to-month,0,23.1,0
65,63.44,1,month-to-month,1,88.4,0
26,53.25,2,month-to-month,1,143.1,0
5,57.16,1,month-to-month,0,129.3,1
33,72.31,2,two-year,0,69.5,0
57,25.39,0,two-year,0,41.1,0
13,63.29,0,month-to-month,1,106.1,0
33,52.19,3,month-to-month,1,8.9,0
9,96.96,2,month-to-month,0,128.9,1
49,56.52,0,month-to-month,0,82.5,0
34,93.36,2,month-to-month,1,154.1,1
23,37.93,2,two-year,1,29.6,0
16,71.75,0,one-year,0,122.1,1
40,66.39,1,month-to-month,1,86.5,0
48,42.62,0,month-to-month,0,78.4,0
67,63.55,2,one-year,0,42.1,0
31,84.25,1,month-to-month,1,110.9,0
11,53.52,2,month-to-month,0,113.7,0
59,26.16,2,month-to-month,0,152.5,0
45,59.65,2,month-to-month,1,125.3,1
50,41.95,0,month-to-month,1,69.2,0
7,53.15,1,one-year,0,54.9,1
22,58.37,0,month-to-month,1,42.1,0
55,25.89,0,month-to-month,1,141.6,0
59,27.69,1,month-to-month,1,62.8,0
31,69.64,1,two-year,1,141.8,0
57,49.55,0,month-to-month,1,108.4,0
60,10.0,1,month-to-month,0,101.5,0
27,75.7,1,month-to-month,0,79.3,0
64,65.45,0,month-to-month,1,113.1,0
20,45.72,0,month-to-month,1,89.5,0
17,33.66,1,one-year,0,77.1,0
49,76.72,2,month-to-month,0,114.4,0
45,66.99,1,month-to-month,1,85.0,0
10,107.65,1,month-to-month,0,62.1,1
59,68.4,1,one-year,0,111.0,0
14,67.75,2,two-year,1,87.8,1
57,56.66,2,one-year,1,107.1,0
0,76.34,4,month-to-month,1,74.1,1
57,72.5,1,one-year,1,47.7,0
56,85.03,0,one-year,0,150.7,0
56,49.57,2,month-to-month,1,144.1,0
47,51.29,2,month-to-month,0,120.9,0
33,50.42,2,one-year,0,76.4,1
50,75.82,0,month-to-month,1,79.5,0
19,89.97,0,one-year,1,138.4,0
56,50.82,1,month-to-month,1,77.6,0
40,51.5,1,month-to-month,0,67.9,0
33,66.28,2,month-to-month,1,155.5,0
36,55.08,1,one-year,1,88.3,0
40,79.04,2,two-year,1,151.9,0
2,14.96,0,month-to-month,1,41.1,0
10,43.47,2,month-to-month,0,108.1,0
17,44.35,1,month-to-month,1,162.5,0
8,13.59,1,month-to-month,1,91.0,0
31,40.73,1,two-year,1,80.8,1
48,41.7,1,month-to-month,1,49.1,0
47,55.98,1,month-to-month,1,127.9,0
33,82.26,1,month-to-month,0,63.0,1
61,55.1,2,two-year,0,86.7,0
40,39.38,2,month-to-month,1,46.8,0
5,58.86,2,one-year,1,144.5,0
55,80.98,1,month-to-month,1,130.4,0
41,40.48,0,month-to-month,0,88.9,0
45,41.79,1,one-year,0,49.6,0
40,71.17,4,month-to-month,1,143.8,0
39,55.57,2,one-year,1,77.2,0
6,72.95,1,month-to-month,0,51.3,0
40,59.73,0,one-year,1,28.3,0
57,74.03,1,one-year,0,67.4,0
21,39.3,1,one-year,0,39.1,0
43,59.76,0,month-to-month,0,68.2,0
2,55.79,0,one-year,0,116.1,0
25,35.68,0,two-year,0,76.9,1
31,28.73,0,month-to-month,1,102.4,0
70,73.71,0,month-to-month,1,64.7,0
15,52.98,0,one-year,1,92.3,0
19,39.55,0,month-to-month,0,157.2,0
29,58.08,1,one-year,0,77.8,0
71,82.56,1,one-year,0,103.5,1
61,14.39,0,month-to-month,1,35.2,0
2,30.07,0,month-to-month,0,143.2,1
16,41.54,0,month-to-month,1,73.3,0
59,89.22,4,month-to-month,1,126.8,0
4,65.65,1,two-year,1,85.7,0
61,75.35,3,month-to-month,0,111.4,0
20,37.2,2,month-to-month,0,113.5,0
66,37.61,1,one-year,0,74.2,0
21,68.96,2,month-to-month,0,128.2,0
31,61.17,1,one-year,1,63.4,1
47,70.97,4,month-to-month,0,117.2,0
9,56.25,0,month-to-month,1,76.3,0
40,65.56,1,month-to-month,0,102.2,0
36,63.16,1,one-year,1,73.8,0
56,75.56,1,one-year,1,91.7,0
71,76.14,1,one-year,0,52.4,0
47,27.6,2,two-year,1,98.7,0
29,15.05,1,one-year,0,91.5,1
29,80.03,0,one-year,1,71.1,0
30,83.75,1,month-to-month,1,88.1,1
58,39.59,1,two-year,1,94.7,0
23,22.8,2,one-year,1,68.4,0
12,61.98,4,two-year,0,85.5,1
24,78.62,1,month-to-month,1,54.8,0
1,95.95,2,month-to-month,1,172.1,0
7,70.33,1,one-year,0,127.1,0
6,52.57,2,month-to-month,0,99.6,0
55,42.14,2,month-to-month,1,131.0,0
52,60.23,1,two-year,1,20.7,0
50,54.01,1,month-to-month,0,5.0,0
33,39.7,2,month-to-month,1,76.0,0
51,100.98,1,month-to-month,1,41.8,1
11,95.7,2,month-to-month,0,81.7,1
64,82.72,0,one-year,0,97.2,0
36,41.58,3,two-year,1,122.2,0
67,77.1,1,two-year,1,50.2,0
10,72.79,0,one-year,1,104.0,1
35,68.85,2,one-year,0,90.5,0
50,84.99,1,month-to-month,1,102.2,0
35,72.71,1,two-year,1,71.8,0
32,74.8,1,month-to-month,1,138.4,1
11,72.74,1,month-to-month,0,86.4,1
27,66.82,0,two-year,1,152.1,0
17,24.33,1,two-year,0,62.3,0
21,61.67,1,month-to-month,0,116.0,1
49,48.88,3,one-year,1,87.9,0
45,34.4,1,month-to-month,1,78.5,0
43,93.64,1,month-to-month,0,112.1,0
26,94.58,0,month-to-month,1,79.5,0
69,87.18,1,month-to-month,0,5.0,1
6,65.1,1,month-to-month,0,5.0,1
24,87.01,0,month-to-month,0,134.5,0
8,60.24,1,month-to-month,0,133.1,1
24,64.06,1,month-to-month,1,156.1,0
69,38.13,1,two-year,1,89.4,0
26,67.94,2,one-year,1,44.8,0
65,61.21,2,two-year,0,75.3,0
35,33.95,1,month-to-month,0,90.4,0
50,58.98,2,one-year,0,54.8,0
32,58.41,1,one-year,1,147.7,0
19,95.95,2,month-to-month,0,168.4,0
55,77.88,3,month-to-month,0,106.7,1
69,60.23,2,month-to-month,1,89.6,0
18,64.98,1,month-to-month,1,44.7,0
56,60.88,2,month-to-month,0,144.1,0
18,55.94,0,month-to-month,0,92.7,0
51,38.35,1,month-to-month,1,79.9,0
56,56.98,0,one-year,0,106.8,0
32,45.08,0,month-to-month,0,69.5,0
53,34.99,2,month-to-month,1,95.1,0
19,70.22,0,one-year,0,39.5,1
5,67.83,3,month-to-month,0,128.0,0
6,24.27,0,month-to-month,0,86.3,0
32,57.55,0,month-to-month,0,130.6,1
64,79.91,1,month-to-month,0,83.0,1
9,81.18,0,month-to-month,0,85.2,0
32,80.52,3,month-to-month,1,47.6,1
50,60.78,1,month-to-month,0,116.6,0
14,43.1,1,two-year,1,59.3,0
51,38.33,1,two-year,1,73.0,0
22,66.89,2,month-to-month,0,90.0,1
58,67.59,1,month-to-month,0,94.2,0
41,85.75,1,month-to-month,1,30.3,0
39,82.0,0,one-year,1,81.9,0
12,57.36,3,one-year,1,117.8,0
33,35.12,0,month-to-month,0,76.8,0
61,53.62,1,month-to-month,0,82.1,1
1,64.34,0,month-to-month,0,95.7,0
54,55.96,1,two-year,1,85.6,0
35,48.44,0,two-year,1,53.9,0
51,65.06,1,month-to-month,0,88.7,0
47,49.92,1,month-to-month,1,124.8,0
31,47.44,1,month-to-month,0,53.2,0
22,66.23,1,one-year,1,76.9,0
45,51.96,2,two-year,0,41.6,0
10,64.88,0,month-to-month,1,122.9,1
42,65.46,0,month-to-month,1,86.8,0
6,37.21,0,month-to-month,1,60.2,0
46,50.38,1,month-to-month,0,93.2,0
45,88.76,1,one-year,1,47.9,1
6,36.76,2,month-to-month,1,53.8,0
54,17.67,0,two-year,0,38.9,0
29,22.76,0,month-to-month,0,52.7,0
56,60.58,1,month-to-month,1,137.5,0
2,60.62,1,month-to-month,0,64.3,1
12,57.65,2,month-to-month,0,106.3,0
35,84.28,1,month-to-month,0,60.7,0
13,10.0,1,one-year,0,116.6,0
23,67.92,2,month-to-month,0,54.1,1
47,91.23,1,month-to-month,1,91.4,0
10,37.44,1,month-to-month,0,91.8,0
48,52.4,1,month-to-month,1,171.5,0
7,44.94,1,two-year,0,112.1,0
12,42.11,0,two-year,0,69.2,0
42,53.47,1,month-to-month,0,114.0,0
57,88.55,2,one-year,1,164.8,0
12,96.75,2,one-year,1,33.0,0
21,53.28,0,two-year,0,60.5,1
66,98.1,0,month-to-month,0,81.7,1
71,60.71,0,month-to-month,0,75.4,0
41,95.07,2,month-to-month,0,78.4,1
32,58.13,1,two-year,1,44.4,0
24,62.62,2,one-year,0,139.1,0
44,67.31,0,month-to-month,1,40.2,0
42,123.58,2,month-to-month,1,83.0,0
21,77.03,0,one-year,0,126.6,1
1,45.85,0,two-year,1,88.9,0
10,79.38,2,month-to-month,0,55.7,1
69,52.76,3,one-year,1,42.8,0
30,50.2,1,month-to-month,0,82.0,0
34,78.17,2,month-to-month,1,63.5,0
33,60.62,2,month-to-month,0,97.2,1
56,65.57,1,one-year,0,40.9,1
4,60.28,0,two-year,1,118.5,0
5,66.73,1,month-to-month,0,94.0,1
19,68.5,1,month-to-month,0,96.6,0
35,21.26,0,month-to-month,1,140.4,0
48,73.33,1,month-to-month,0,74.7,0
35,40.36,2,month-to-month,1,64.6,0
31,31.15,3,month-to-month,1,70.8,0
67,58.83,2,month-to-month,1,83.3,0
11,61.68,3,month-to-month,0,86.8,0
41,46.13,3,month-to-month,0,60.9,0
39,76.62,0,one-year,1,19.2,0
34,33.16,1,month-to-month,0,70.4,0
58,51.86,1,one-year,0,102.6,0
19,48.3,1,two-year,0,94.8,0
68,59.07,2,month-to-month,0,132.0,0
23,65.58,3,month-to-month,1,158.4,0
39,39.84,1,month-to-month,1,116.6,0
37,74.49,0,month-to-month,1,138.4,0
61,61.26,3,month-to-month,1,116.8,0
31,22.16,1,month-to-month,0,149.8,0
20,20.83,3,month-to-month,0,154.8,0
1,59.75,1,month-to-month,0,123.3,1
26,55.58,3,month-to-month,1,114.7,0
59,57.93,0,one-year,0,82.8,0
0,59.44,0,month-to-month,1,88.6,0
64,64.51,0,month-to-month,0,78.2,1
39,78.95,2,one-year,1,111.7,1
10,37.78,0,month-to-month,1,64.8,0
21,36.56,0,one-year,1,83.3,0
39,38.13,1,month-to-month,0,7.6,0
22,65.78,1,month-to-month,1,150.3,0
7,84.9,1,two-year,0,82.3,1
47,51.37,2,month-to-month,0,105.9,0
48,10.0,0,month-to-month,0,141.0,0
8,25.92,3,two-year,0,100.5,0
20,43.34,0,one-year,1,140.6,0
17,48.85,2,one-year,0,46.5,1
47,51.83,3,month-to-month,0,173.9,0
52,60.77,0,month-to-month,1,128.0,0
52,53.77,4,one-year,1,97.3,0
67,80.99,1,month-to-month,1,139.9,1
55,46.48,0,month-to-month,1,49.1,0
23,42.75,0,one-year,0,79.9,0
7,69.58,1,month-to-month,1,140.5,0
44,29.29,0,month-to-month,0,24.7,0
65,67.79,1,month-to-month,0,109.6,0
70,62.05,0,month-to-month,0,108.6,0
16,57.05,1,one-year,1,158.9,0
17,91.77,2,two-year,0,34.6,1
2,47.56,4,month-to-month,1,146.3,0
10,101.21,2,month-to-month,0,70.4,1
39,55.49,3,month-to-month,0,74.4,1
39,34.46,0,month-to-month,0,47.2,0
26,61.4,1,month-to-month,0,51.9,0
22,38.48,1,two-year,0,104.1,0
59,44.96,0,month-to-month,1,51.1,0
33,67.94,1,month-to-month,0,115.9,0
58,71.11,1,two-year,0,66.8,0
69,47.56,1,month-to-month,1,47.5,0
22,79.75,1,two-year,0,71.5,0
14,83.15,2,month-to-month,0,101.8,1
68,88.73,1,month-to-month,0,80.3,1
45,70.59,0,two-year,0,91.2,0
20,87.27,1,month-to-month,0,114.4,0
44,22.38,3,month-to-month,1,127.9,0
37,53.64,1,month-to-month,0,79.1,0
65,42.66,0,one-year,1,53.5,0
18,62.38,0,month-to-month,0,92.7,0
71,48.57,2,month-to-month,1,106.5,0
67,56.68,3,one-year,1,38.9,0
13,97.64,3,one-year,0,58.8,1
11,56.61,1,month-to-month,0,64.8,0
38,68.28,1,month-to-month,0,82.7,1
3,55.35,0,month-to-month,1,63.4,1
21,61.51,0,month-to-month,1,114.7,0
31,60.12,1,month-to-month,0,33.8,0
69,68.97,0,month-to-month,1,34.7,0
71,83.31,1,month-to-month,0,78.3,0
10,92.95,3,month-to-month,0,83.9,0
64,66.19,0,one-year,1,39.1,0
6,71.79,1,month-to-month,0,68.8,1
53,36.98,3,two-year,0,76.0,0
60,58.24,2,two-year,1,76.2,0
64,78.81,0,month-to-month,0,95.3,1
16,77.32,0,two-year,1,66.8,0
64,64.23,1,two-year,0,141.7,0
8,77.73,1,month-to-month,0,107.1,0
37,69.82,3,one-year,0,61.8,0
33,84.01,0,month-to-month,1,93.3,0
22,65.79,1,one-year,0,94.3,0
1,52.89,5,month-to-month,0,132.5,0
55,66.72,2,month-to-month,1,69.0,1
24,10.0,1,month-to-month,1,116.9,0
47,67.66,0,two-year,1,91.5,0
29,10.0,0,month-to-month,1,142.2,0
26,25.53,0,month-to-month,0,135.2,0
63,69.04,2,month-to-month,1,96.9,0
6,69.55,1,month-to-month,1,80.8,0
53,36.75,1,one-year,1,107.7,0
53,45.76,1,one-year,1,83.7,0
27,87.41,3,month-to-month,0,148.8,1
18,50.32,0,month-to-month,0,92.7,0
0,104.86,4,month-to-month,1,75.8,1
67,59.96,3,month-to-month,0,73.9,1
68,68.16,2,one-year,0,47.5,0
17,92.34,1,one-year,0,109.5,0
2,62.62,0,month-to-month,1,61.3,0
8,39.95,2,month-to-month,1,128.4,1
4,57.81,0,month-to-month,1,44.7,0
59,59.29,3,month-to-month,1,94.5,0
64,32.71,1,month-to-month,1,130.3,0
11,54.88,1,one-year,1,14.7,0
53,45.16,1,month-to-month,0,160.6,0
12,78.49,1,two-year,1,75.1,1
26,60.69,2,month-to-month,0,94.9,0
43,54.34,1,month-to-month,0,110.0,0
51,57.88,1,month-to-month,0,115.4,0
62,64.46,1,month-to-month,1,99.6,0
3,72.34,1,month-to-month,1,124.9,0
14,40.01,1,month-to-month,1,108.2,0
20,39.17,2,one-year,1,151.6,0
22,82.09,3,month-to-month,1,108.3,0
71,51.75,1,one-year,0,158.8,0
55,31.66,2,one-year,1,121.5,0
23,68.88,1,month-to-month,1,26.8,0
69,69.27,2,month-to-month,1,181.4,1
35,29.39,1,month-to-month,0,69.9,0
36,64.59,0,month-to-month,0,142.3,0
31,74.71,2,one-year,1,90.9,1
10,67.49,0,two-year,0,127.1,0
67,72.64,0,month-to-month,0,65.9,0
1,31.91,1,month-to-month,0,111.9,1
12,66.62,2,one-year,0,81.1,1
16,53.95,1,one-year,0,145.3,0
20,50.34,1,month-to-month,1,105.4,0
9,77.41,1,one-year,1,122.8,1
1,89.59,2,month-to-month,1,14.3,1
48,95.89,2,month-to-month,0,87.0,0
69,86.3,0,month-to-month,0,104.4,1
8,57.81,1,month-to-month,0,97.8,0
21,67.05,0,two-year,0,123.6,0
36,75.34,1,month-to-month,0,77.2,0
66,62.42,2,month-to-month,1,91.7,0
49,62.62,0,month-to-month,1,131.3,0
55,76.48,1,month-to-month,0,10.2,0
41,58.81,1,month-to-month,0,110.6,0
30,45.41,1,month-to-month,0,78.3,0
14,51.71,0,one-year,0,58.1,0
62,72.68,1,month-to-month,0,101.8,0
57,60.06,0,one-year,0,133.0,0
1,66.8,2,month-to-month,0,126.4,1
51,73.4,4,one-year,0,85.3,1
6,52.5,3,one-year,1,120.7,0
53,75.12,1,month-to-month,0,120.4,0
59,67.58,2,month-to-month,0,86.9,1
9,35.3,2,two-year,0,65.7,0
31,88.85,2,month-to-month,0,67.8,1
8,49.99,1,one-year,1,119.3,0
40,26.9,2,month-to-month,1,88.5,0
66,39.1,0,month-to-month,1,53.4,0
5,39.58,0,month-to-month,1,31.0,0
28,61.04,0,two-year,0,119.1,1
70,54.52,1,month-to-month,0,70.9,0
21,53.26,0,one-year,0,101.6,0
9,72.39,2,one-year,0,133.4,1
35,66.8,3,month-to-month,1,44.2,0
36,66.32,4,month-to-month,0,88.4,0
47,68.2,1,month-to-month,0,84.0,0
22,72.32,3,month-to-month,0,103.3,0
68,17.84,1,one-year,0,133.4,0
37,52.71,0,month-to-month,1,43.5,0
20,16.4,1,month-to-month,0,109.9,0
69,60.72,0,one-year,0,126.1,0
66,59.91,0,month-to-month,0,83.5,0
35,80.91,0,month-to-month,1,85.2,0
1,83.75,2,month-to-month,0,104.6,1
42,64.06,0,month-to-month,1,102.1,0
39,49.99,1,one-year,0,110.4,0
10,69.7,1,month-to-month,0,109.6,1
45,49.44,1,month-to-month,1,55.6,0
60,59.97,1,month-to-month,0,124.7,0
7,79.72,4,month-to-month,0,130.8,1
52,48.84,2,one-year,1,96.5,0
10,76.11,1,month-to-month,0,37.7,1
53,73.55,3,two-year,0,86.0,1
30,40.9,0,one-year,1,96.8,0
0,79.48,1,month-to-month,0,49.9,1
69,73.97,2,one-year,0,77.4,0
11,62.04,0,month-to-month,0,40.7,1
42,44.75,0,two-year,1,111.3,0
13,42.82,1,month-to-month,0,95.8,0
67,49.25,0,month-to-month,0,32.4,1
53,70.85,1,month-to-month,1,102.3,0
57,40.89,1,month-to-month,1,88.0,0
31,68.75,1,one-year,1,108.1,0
33,35.16,3,month-to-month,0,76.3,0
45,55.92,2,month-to-month,0,61.9,0
56,62.19,1,month-to-month,0,63.0,1
60,108.9,0,two-year,1,71.2,0
1,32.45,1,one-year,0,90.7,0
47,89.44,1,month-to-month,1,95.2,1
7,63.0,1,month-to-month,0,83.3,1
20,68.22,1,month-to-month,1,75.2,0
59,62.37,0,two-year,1,77.7,0
18,68.89,0,one-year,0,177.8,0
57,56.93,0,month-to-month,1,63.0,0
33,89.08,0,two-year,1,70.5,0
16,50.87,0,month-to-month,0,205.3,0
24,82.64,1,one-year,0,104.7,1
38,47.11,0,month-to-month,1,41.7,0
55,58.79,0,month-to-month,0,119.5,0
43,38.56,0,month-to-month,0,58.1,0
67,69.1,1,month-to-month,0,121.8,1
62,88.9,1,two-year,1,82.6,0
54,58.45,0,month-to-month,0,74.6,0
43,56.06,1,one-year,1,146.3,0
20,37.71,0,one-year,0,109.8,0
29,55.41,0,one-year,0,124.1,0
8,28.14,4,two-year,1,105.2,1
26,41.74,1,month-to-month,0,74.4,0
66,64.54,1,month-to-month,0,111.4,0
30,86.38,2,month-to-month,0,132.3,0
8,116.18,2,month-to-month,1,94.7,1
46,48.27,1,two-year,0,153.1,0
69,88.71,3,month-to-month,0,119.8,1
62,64.88,2,month-to-month,0,97.4,0
19,56.98,0,month-to-month,0,98.8,0
32,68.65,0,month-to-month,0,94.8,1
38,61.24,1,one-year,0,46.2,0
17,62.21,2,month-to-month,0,86.8,1
19,51.83,0,one-year,0,97.7,0
17,32.04,1,one-year,1,75.4,0
71,29.13,2,one-year,1,101.8,0
53,73.06,1,month-to-month,0,90.7,0
60,54.47,1,one-year,0,117.1,0
58,48.08,3,month-to-month,0,113.2,0
69,60.17,1,month-to-month,1,95.9,0
7,75.9,0,one-year,0,42.1,1
63,63.61,0,one-year,0,152.7,0
4,46.88,1,month-to-month,0,85.0,0
34,84.53,1,two-year,0,87.2,0
42,91.58,0,month-to-month,0,78.0,1
25,69.89,1,month-to-month,0,72.9,0
10,79.47,3,two-year,1,144.0,1
13,84.84,1,month-to-month,1,138.5,1
59,82.6,2,one-year,1,105.6,0
22,72.28,0,month-to-month,1,86.2,1
22,71.97,0,one-year,0,111.7,1
66,70.39,0,one-year,1,92.6,0
10,38.05,3,one-year,1,83.3,1
65,74.01,1,month-to-month,1,101.8,0
66,32.88,1,one-year,1,74.6,0
43,44.11,0,month-to-month,0,98.8,0
11,86.07,1,two-year,0,97.1,1
11,76.8,2,month-to-month,0,111.1,1
20,89.75,3,month-to-month,0,68.3,1
41,54.57,3,two-year,0,114.9,0
11,36.96,0,month-to-month,0,58.3,0
32,55.19,0,month-to-month,0,70.0,0
8,62.04,1,one-year,1,71.5,0
38,61.58,0,month-to-month,1,52.5,0
1,82.67,0,month-to-month,1,125.5,0
51,52.77,1,month-to-month,0,56.1,0
3,67.04,3,month-to-month,1,65.5,0
14,40.23,2,month-to-month,1,133.9,0
12,69.01,1,month-to-month,1,70.0,0
59,60.06,1,month-to-month,1,83.4,0
3,45.0,2,month-to-month,0,54.6,1
30,55.28,1,month-to-month,0,119.2,0
42,56.32,2,one-year,1,119.6,0
37,54.6,0,one-year,1,115.9,0
49,95.43,1,month-to-month,0,108.8,1
57,58.03,3,month-to-month,0,92.6,0
28,55.12,2,two-year,0,71.6,0
59,18.05,1,month-to-month,0,61.5,0
22,42.12,1,month-to-month,1,135.1,0
70,54.74,1,month-to-month,1,116.8,0
36,46.28,1,month-to-month,0,65.7,0
52,87.63,0,one-year,0,91.4,1
63,56.7,2,two-year,0,79.5,0
57,85.77,1,two-year,0,50.5,0
61,61.23,0,month-to-month,0,96.2,0
38,60.74,0,month-to-month,1,75.5,0
3,58.22,3,month-to-month,1,56.7,0
35,60.08,0,month-to-month,0,38.2,0
13,94.38,1,month-to-month,1,35.3,0
64,13.61,3,one-year,1,77.0,0
17,19.97,2,month-to-month,0,87.0,0
16,49.14,1,two-year,1,59.4,0
17,60.29,1,month-to-month,1,112.8,0
46,73.8,3,month-to-month,1,87.7,0
41,69.46,1,two-year,0,110.2,0
68,52.32,0,one-year,0,83.6,0
29,80.38,0,month-to-month,0,62.5,0
20,80.6,1,month-to-month,0,94.0,1
3,63.68,0,month-to-month,0,45.8,1
0,79.25,2,month-to-month,1,108.9,1
26,65.45,1,month-to-month,0,57.2,0
66,48.77,2,month-to-month,0,122.1,0
37,73.96,5,one-year,1,78.2,0
64,62.21,2,month-to-month,0,127.2,0
7,60.03,0,one-year,0,50.7,0
6,89.46,0,one-year,1,66.3,1
60,10.98,3,month-to-month,0,103.3,0
7,31.65,0,month-to-month,0,131.0,1
3,36.26,1,month-to-month,1,148.3,0
29,52.73,5,one-year,0,91.4,0
66,54.91,0,one-year,0,154.3,0
49,29.85,0,one-year,0,79.9,0
7,40.3,1,month-to-month,1,128.5,0
60,42.78,0,month-to-month,0,57.0,0
60,109.15,1,month-to-month,1,104.7,0
57,96.03,4,month-to-month,0,8.0,1
64,51.77,1,one-year,1,50.7,0
17,52.73,1,month-to-month,0,106.3,0
70,37.02,0,month-to-month,0,44.1,0
23,21.84,2,month-to-month,0,104.9,1
57,57.66,1,month-to-month,1,121.7,0
41,40.04,1,one-year,0,72.5,0
56,58.3,0,month-to-month,0,56.1,0
45,28.0,0,two-year,0,73.4,0
46,44.76,1,one-year,0,56.2,0
44,62.97,1,two-year,1,86.5,0
56,67.32,0,one-year,0,93.6,0
53,68.35,1,one-year,0,79.3,0
9,33.59,2,one-year,0,148.6,0
59,77.09,1,month-to-month,0,64.8,1
38,44.0,0,month-to-month,0,138.7,1
23,72.66,3,month-to-month,0,53.6,1
37,59.79,1,month-to-month,0,92.5,0
69,32.47,1,month-to-month,1,131.4,0
61,53.68,1,two-year,0,129.6,0
60,67.31,3,month-to-month,1,75.3,0
33,72.26,1,month-to-month,0,109.4,0
56,57.18,0,one-year,0,104.7,0
27,90.64,1,month-to-month,0,71.1,0
49,80.15,0,two-year,0,111.6,0
46,54.87,0,month-to-month,1,155.2,1
17,75.0,1,two-year,1,106.5,1
19,98.68,0,one-year,1,109.8,0
4,99.21,1,month-to-month,1,113.5,1
10,35.44,2,month-to-month,0,38.9,0
31,41.47,2,month-to-month,0,106.1,0
34,89.7,0,month-to-month,1,54.4,0
11,38.83,0,month-to-month,0,69.4,1
30,33.55,0,two-year,0,165.7,0
43,50.28,3,month-to-month,1,81.1,0
16,68.4,2,one-year,1,64.1,1
24,57.95,2,month-to-month,1,130.3,0
26,46.99,2,two-year,0,56.8,0
36,46.52,1,month-to-month,1,74.3,0
26,45.75,0,month-to-month,0,133.7,0
53,42.41,0,month-to-month,0,91.5,0
23,105.63,2,month-to-month,0,35.3,0
31,65.95,0,one-year,1,109.0,0
27,77.74,0,month-to-month,1,76.1,0
13,50.22,0,month-to-month,1,143.9,0
49,56.28,2,month-to-month,0,68.8,1
16,45.73,1,one-year,0,126.8,1
21,10.0,0,month-to-month,0,152.1,0
57,32.44,0,month-to-month,1,60.2,0
68,23.79,6,month-to-month,0,83.2,1
48,15.0,0,month-to-month,0,103.6,0
65,36.09,0,month-to-month,1,60.0,0
61,86.5,0,two-year,0,99.5,0
34,59.11,0,month-to-month,1,82.1,0
55,85.81,1,one-year,0,81.4,0
23,68.22,2,month-to-month,1,91.7,0
33,75.65,1,month-to-month,0,92.5,0
38,41.98,0,month-to-month,0,95.7,0
69,70.48,0,month-to-month,0,69.0,0
61,74.57,1,month-to-month,0,70.6,0
35,48.47,3,month-to-month,1,85.8,0
46,71.19,2,month-to-month,0,88.4,0
14,71.32,2,two-year,0,74.6,0
57,49.01,0,month-to-month,1,101.3,0
39,37.54,1,month-to-month,0,26.5,0
38,36.32,0,month-to-month,1,64.4,0
55,61.73,0,month-to-month,1,80.2,0
45,66.54,1,one-year,0,60.0,0
5,44.15,1,month-to-month,1,147.0,0
20,60.53,3,month-to-month,0,90.7,0
12,71.41,0,month-to-month,0,96.2,0
52,72.36,1,month-to-month,0,73.1,0
2,91.04,4,two-year,1,89.4,1
14,85.54,0,month-to-month,1,47.5,0
43,39.97,1,one-year,0,84.1,0
50,93.67,1,month-to-month,1,57.2,1
36,49.38,1,two-year,0,80.3,0
61,80.9,0,month-to-month,1,5.0,0
66,61.36,0,month-to-month,1,50.5,0
9,51.76,1,one-year,1,141.2,0
68,23.85,1,month-to-month,1,119.1,0
44,56.57,0,month-to-month,1,136.2,0
45,28.81,0,two-year,0,138.6,0
6,79.35,2,month-to-month,1,113.6,1
44,90.34,3,one-year,1,74.1,0
52,44.06,2,one-year,1,53.7,0
41,66.04,1,one-year,0,130.1,0
6,45.49,0,two-year,1,92.3,0
37,47.43,1,month-to-month,0,177.3,1
67,75.49,0,month-to-month,0,77.2,1
52,59.23,0,month-to-month,0,159.1,0
9,94.79,0,one-year,0,84.5,0
69,50.36,2,one-year,1,136.8,0
69,79.99,0,month-to-month,0,149.4,0
12,61.95,1,month-to-month,1,54.2,0
57,75.92,2,month-to-month,1,73.0,0
29,51.06,3,month-to-month,0,53.8,0
42,59.01,1,one-year,1,47.0,0
32,57.69,1,month-to-month,0,113.3,0
56,43.28,0,one-year,1,83.1,0
71,73.24,2,one-year,1,91.8,0
57,73.0,0,two-year,0,109.5,0
67,71.87,0,month-to-month,1,25.0,0
68,90.74,1,two-year,0,135.0,0
6,88.99,3,one-year,0,77.8,0
18,52.5,0,one-year,1,108.6,0
51,67.46,0,month-to-month,0,111.7,0
42,47.53,1,month-to-month,1,138.0,0
3,60.47,0,one-year,0,86.3,0
6,48.01,1,month-to-month,0,15.7,0
37,92.4,2,month-to-month,1,92.0,1
44,67.27,2,month-to-month,0,97.0,1
12,55.64,2,month-to-month,1,53.8,0
12,83.87,1,month-to-month,0,95.2,0
9,16.59,0,month-to-month,1,77.4,0
40,19.72,0,month-to-month,1,43.0,0
0,75.92,1,two-year,0,113.5,1
41,61.21,2,two-year,0,70.3,0
34,65.01,1,month-to-month,0,75.8,0
33,33.47,1,month-to-month,1,73.8,0
48,59.54,0,month-to-month,0,133.2,0
37,100.07,2,month-to-month,0,88.6,1
52,76.48,2,two-year,1,92.8,0
55,63.39,0,month-to-month,0,74.6,0
66,51.22,0,month-to-month,0,106.2,0
57,52.11,0,month-to-month,0,137.2,0
37,17.42,1,month-to-month,0,112.7,0
35,65.15,1,one-year,1,114.0,0
16,76.91,2,one-year,1,111.2,0
43,28.49,1,month-to-month,1,41.7,0
10,46.77,2,month-to-month,1,59.3,1
67,36.85,1,two-year,0,82.8,0
60,40.69,1,month-to-month,0,64.6,0
8,61.07,2,one-year,1,52.7,0
56,18.31,1,two-year,1,24.5,0
8,72.29,1,month-to-month,1,42.9,0
51,75.08,0,two-year,0,81.0,0
6,54.98,3,month-to-month,1,87.6,0
35,10.39,3,one-year,1,62.2,0
47,40.07,3,month-to-month,1,92.8,0
52,84.66,0,month-to-month,1,74.8,0
30,10.0,0,month-to-month,0,128.2,0
66,53.05,2,month-to-month,0,84.3,0
55,36.4,2,month-to-month,0,114.4,0
14,76.09,0,month-to-month,0,97.1,0
48,46.5,2,month-to-month,1,40.9,1
52,68.08,4,month-to-month,0,86.8,0
24,71.31,1,month-to-month,0,46.8,1
53,96.72,1,two-year,0,86.2,0
64,55.94,1,two-year,1,63.9,0
58,67.52,1,month-to-month,0,103.4,0
54,30.3,0,month-to-month,0,43.0,0
45,83.81,0,one-year,1,90.5,0
19,44.79,2,one-year,0,110.0,1
57,48.78,2,month-to-month,0,121.8,1
26,59.56,1,one-year,0,63.3,0
38,28.74,0,month-to-month,1,90.6,0
22,64.58,1,month-to-month,1,96.4,0
22,79.35,4,one-year,1,144.1,0
11,65.86,1,one-year,0,38.2,0
69,28.22,0,one-year,1,58.1,0
10,57.52,1,month-to-month,1,188.2,0
6,74.84,1,month-to-month,0,80.4,0
67,22.44,1,month-to-month,0,23.8,0
39,38.5,0,month-to-month,0,69.6,0
31,77.53,0,month-to-month,1,5.0,0
53,65.4,2,month-to-month,0,98.4,0
27,68.24,2,month-to-month,0,118.3,1
9,97.19,3,one-year,1,58.1,1
52,69.37,0,month-to-month,1,73.5,0
12,73.16,4,month-to-month,1,122.3,1
39,114.21,2,one-year,1,28.7,1
68,55.72,0,month-to-month,0,43.7,0
67,44.04,0,two-year,1,82.0,0
25,68.56,3,month-to-month,0,63.7,0
56,68.78,1,month-to-month,0,79.7,0
44,49.47,1,two-year,1,45.8,1
34,39.35,1,month-to-month,0,97.5,1
10,106.2,1,one-year,0,84.8,1
27,66.54,4,one-year,1,109.2,1
46,45.35,3,month-to-month,0,97.0,1
71,78.32,3,one-year,0,97.2,1
0,57.82,1,two-year,1,39.4,1
51,54.94,0,two-year,1,107.2,0
60,71.25,2,month-to-month,1,78.4,0
68,34.16,3,month-to-month,0,84.2,0
30,67.05,2,one-year,1,126.7,0
8,98.26,0,month-to-month,1,64.8,1
19,69.32,2,month-to-month,0,137.3,1
61,52.48,2,month-to-month,0,140.6,0
63,49.86,0,month-to-month,0,116.3,1
45,51.79,6,month-to-month,0,55.7,1
8,54.92,0,month-to-month,0,13.5,1
8,52.44,2,month-to-month,1,127.8,0
34,78.33,1,month-to-month,1,93.9,0
42,25.34,1,two-year,0,63.9,0
2,77.24,1,month-to-month,1,131.1,0
49,52.41,0,month-to-month,0,59.8,0
39,67.54,2,month-to-month,0,75.2,0
0,37.46,0,month-to-month,1,108.4,0
6,86.57,1,two-year,0,51.0,1
32,84.91,2,two-year,1,86.2,0
52,79.19,1,month-to-month,0,128.1,0
59,29.7,1,month-to-month,0,97.4,0
31,76.58,2,month-to-month,0,133.7,0
21,68.1,1,month-to-month,0,129.7,0
69,27.89,2,month-to-month,1,90.3,0
33,59.51,3,month-to-month,1,8.2,1
22,67.29,1,month-to-month,0,51.3,0
31,71.12,3,month-to-month,0,116.7,1
0,63.55,2,month-to-month,1,35.7,0
21,65.82,1,month-to-month,1,78.6,0
37,89.47,4,month-to-month,0,101.8,0
66,84.52,1,month-to-month,0,141.4,0
53,10.0,0,month-to-month,0,69.9,0
56,53.65,1,month-to-month,0,67.5,0
39,56.71,1,month-to-month,0,88.2,0
7,24.96,1,month-to-month,0,102.3,0
28,61.88,1,one-year,0,84.6,0
71,84.98,2,two-year,0,126.7,1
3,38.27,3,month-to-month,0,62.0,1
63,66.73,2,month-to-month,1,94.2,0
49,41.68,1,one-year,1,105.6,0
20,46.56,1,one-year,0,76.0,0
56,89.55,0,month-to-month,0,119.4,0
60,49.15,5,month-to-month,0,95.2,1
3,69.24,0,month-to-month,1,117.6,0
7,22.58,1,month-to-month,1,96.8,0
47,97.25,1,month-to-month,0,103.2,0
71,72.05,0,month-to-month,1,67.9,0
1,56.35,0,month-to-month,1,67.9,0
47,71.51,0,month-to-month,1,132.9,0
9,31.8,0,month-to-month,0,112.2,0
46,83.65,1,one-year,0,54.2,0
44,53.52,3,month-to-month,1,96.3,1
6,55.92,1,month-to-month,0,6.9,0
49,50.17,2,month-to-month,1,69.9,0
64,48.39,0,one-year,1,123.6,0
62,73.89,2,month-to-month,0,85.6,0
2,65.12,3,month-to-month,0,94.1,0
17,73.03,0,month-to-month,0,5.0,1
17,59.82,0,one-year,0,76.3,0
32,70.26,2,one-year,1,101.8,0
10,51.62,1,two-year,1,106.3,0
61,104.59,1,one-year,0,123.7,1
55,28.64,2,month-to-month,1,82.6,0
58,85.22,0,month-to-month,0,84.2,0
14,87.36,1,month-to-month,1,43.4,0
1,42.96,0,one-year,0,82.8,0
65,104.59,1,month-to-month,1,45.8,0
20,79.91,1,month-to-month,1,25.3,0
47,79.42,1,two-year,0,52.0,1
65,60.56,0,month-to-month,1,142.8,0
2,55.66,1,month-to-month,1,80.5,0
0,55.81,1,month-to-month,0,97.7,1
0,67.81,0,two-year,1,72.0,0
11,88.02,2,two-year,1,27.3,0
3,63.63,0,month-to-month,1,122.8,0
59,41.77,3,two-year,0,14.0,0
43,76.49,1,two-year,1,70.6,0
70,78.42,0,one-year,1,88.1,0
57,73.09,1,two-year,1,98.1,0
69,74.91,1,month-to-month,0,64.6,0
17,54.58,0,one-year,0,25.7,0
20,41.42,1,month-to-month,1,62.0,1
61,42.64,1,one-year,0,63.8,0
17,27.29,1,month-to-month,0,62.9,0
4,64.74,0,one-year,0,124.0,1
48,58.33,1,two-year,1,47.5,0
57,51.2,1,month-to-month,0,100.5,0
69,10.0,0,two-year,1,95.5,0
66,35.05,0,month-to-month,1,123.6,0
8,82.42,2,month-to-month,1,85.3,0
55,46.71,1,month-to-month,1,117.7,0
60,67.21,1,one-year,0,84.0,0
50,32.19,2,month-to-month,1,105.2,0
59,88.77,0,month-to-month,0,37.4,0
60,57.12,0,one-year,1,5.0,0
32,65.8,0,month-to-month,0,103.2,0
2,106.52,2,month-to-month,1,105.1,1
32,90.33,2,two-year,1,106.6,0
14,53.87,0,one-year,0,71.6,1
8,48.14,1,one-year,1,142.1,0
8,53.49,2,month-to-month,0,73.9,0
50,70.2,5,two-year,0,104.7,1
36,57.9,3,month-to-month,0,110.8,0
38,52.1,2,month-to-month,0,150.2,0
53,89.34,3,month-to-month,1,78.9,0
39,57.72,4,month-to-month,1,67.1,0
45,105.99,1,one-year,0,37.6,1
6,61.81,1,one-year,1,144.3,1
61,95.71,2,month-to-month,1,104.7,0
32,67.15,0,month-to-month,1,105.9,0
11,79.26,0,one-year,0,199.1,0
58,45.51,2,two-year,1,101.4,0
52,42.92,1,month-to-month,0,44.4,0
3,69.19,1,month-to-month,1,83.1,1
13,79.77,0,month-to-month,1,55.9,1
1,60.81,0,month-to-month,1,76.1,1
19,34.27,1,month-to-month,0,75.9,0
7,32.79,2,month-to-month,0,69.5,0
51,31.46,0,one-year,1,41.2,0
37,24.65,0,month-to-month,0,145.7,1
70,62.19,1,month-to-month,0,100.5,0
53,82.5,2,month-to-month,1,82.1,0
44,59.73,0,two-year,1,116.5,0
36,14.79,0,month-to-month,0,106.5,0
3,56.18,2,month-to-month,0,99.6,1
5,56.74,4,month-to-month,1,114.0,1
44,101.92,3,one-year,0,94.7,1
0,30.86,0,two-year,0,113.5,0
3,52.19,2,month-to-month,0,116.4,0
15,94.12,2,month-to-month,0,95.7,1
63,69.0,3,month-to-month,1,82.3,0
33,71.27,1,one-year,0,143.6,0
51,62.29,0,two-year,0,73.3,0
29,66.6,1,month-to-month,0,103.7,1
12,75.55,0,month-to-month,0,104.5,0
26,43.81,2,one-year,0,68.7,0
6,77.56,2,one-year,1,61.7,0
55,32.54,0,month-to-month,1,77.6,0
13,66.57,0,month-to-month,0,72.8,0
27,63.57,1,month-to-month,0,39.0,0
70,47.67,0,one-year,0,67.2,0
42,59.55,0,one-year,0,99.3,0
33,47.55,4,one-year,1,134.3,0
39,38.57,0,one-year,0,109.4,0
56,52.93,1,month-to-month,1,5.0,0
18,37.92,1,month-to-month,1,112.4,0
45,66.46,1,month-to-month,0,70.5,0
62,37.0,3,two-year,1,105.9,0
41,74.24,1,month-to-month,0,89.5,1
32,36.37,2,month-to-month,0,83.3,0
10,48.67,2,month-to-month,1,86.4,1
17,47.51,1,one-year,0,89.2,0
68,86.5,1,one-year,1,137.1,0
38,66.61,0,one-year,1,89.3,0
21,55.77,2,month-to-month,0,128.0,0
30,69.97,1,two-year,1,122.9,0
41,17.86,2,one-year,0,113.3,0
38,59.14,2,one-year,1,27.5,1
50,99.95,2,one-year,0,129.1,1
18,62.65,0,two-year,0,74.0,0
46,61.36,1,two-year,0,115.1,0
31,70.96,1,month-to-month,1,56.0,0
67,77.91,1,month-to-month,0,48.5,0
11,20.05,2,month-to-month,1,159.2,0
10,26.35,0,one-year,0,56.5,0
33,64.21,1,one-year,0,130.1,0
36,45.7,1,month-to-month,0,94.1,0
49,86.24,2,month-to-month,0,75.3,1
29,53.7,0,two-year,1,88.4,0
65,21.31,1,two-year,0,44.5,0
34,34.64,1,two-year,1,89.5,0
9,10.0,0,month-to-month,1,52.1,0
8,55.32,0,one-year,0,76.2,0
70,56.23,2,one-year,1,122.4,0
9,51.51,1,month-to-month,1,98.9,0
68,81.58,1,month-to-month,1,38.1,1
20,83.97,3,two-year,0,119.8,0
6,56.59,0,month-to-month,1,89.8,0
21,17.31,3,month-to-month,1,71.0,1
44,72.35,0,one-year,0,116.1,0
30,71.11,2,one-year,1,84.1,1
56,66.19,2,month-to-month,0,49.2,0
43,79.63,1,one-year,1,154.7,0
28,36.7,0,month-to-month,1,89.4,0
45,100.18,0,one-year,1,87.2,0
69,40.81,3,month-to-month,1,75.8,0
29,74.98,3,one-year,1,131.3,0
11,26.25,2,one-year,1,71.6,0
29,41.39,2,month-to-month,0,35.9,0
60,90.33,1,month-to-month,0,66.2,0
15,54.78,2,one-year,0,136.4,0
68,76.8,0,month-to-month,0,119.1,0
42,64.74,1,month-to-month,1,81.1,1
43,57.9,1,month-to-month,1,138.1,0
22,87.28,1,two-year,0,116.2,1
66,55.27,1,month-to-month,0,80.7,0
2,24.39,2,month-to-month,1,84.2,0
21,43.94,1,two-year,0,101.5,0
30,71.02,1,month-to-month,1,60.9,0
34,67.91,1,month-to-month,1,90.2,0
34,28.66,1,month-to-month,0,100.8,0
10,45.51,0,month-to-month,0,31.0,1
16,48.37,0,month-to-month,0,83.4,1
6,52.69,0,one-year,0,79.4,0
41,32.48,1,month-to-month,0,126.0,0
25,47.43,1,one-year,0,25.4,0
40,45.43,0,month-to-month,0,76.6,0
42,75.43,1,month-to-month,0,73.1,1
50,76.18,3,month-to-month,0,123.6,0
39,57.08,0,month-to-month,1,88.5,0
46,52.16,3,one-year,0,152.9,0
42,62.8,1,month-to-month,1,113.2,1
46,43.67,0,month-to-month,0,75.6,0
44,37.06,1,month-to-month,0,98.4,1
22,41.2,1,one-year,0,77.6,0
17,47.3,1,month-to-month,1,120.1,0
56,36.73,1,one-year,0,43.4,0
24,63.24,1,month-to-month,0,61.2,0
39,74.59,1,month-to-month,0,105.9,0
14,28.26,0,one-year,1,132.9,0
31,60.5,0,month-to-month,0,12.9,0
38,55.6,0,month-to-month,0,138.1,0
45,66.83,0,two-year,1,85.1,0
37,59.74,2,month-to-month,0,24.1,0
25,30.93,1,month-to-month,0,5.0,0
69,34.75,0,month-to-month,1,36.5,0
36,60.59,1,month-to-month,0,89.3,0
58,80.58,0,one-year,0,87.7,0
53,15.72,4,month-to-month,0,112.2,1
40,66.91,0,two-year,0,70.8,0
63,83.79,1,one-year,1,51.2,0
9,56.94,0,two-year,1,75.5,0
66,71.0,0,one-year,1,91.2,0
61,45.94,1,two-year,0,98.1,0
36,57.61,0,one-year,1,62.4,0
52,27.58,1,month-to-month,1,121.6,0
37,13.11,1,month-to-month,0,68.3,0
19,78.86,1,one-year,1,59.6,1
57,40.3,1,month-to-month,1,71.0,0
17,50.89,0,one-year,1,127.6,0
22,32.27,1,month-to-month,0,85.4,1
37,31.8,0,one-year,0,65.7,0
60,56.52,1,month-to-month,1,122.4,0
27,45.41,2,two-year,1,165.0,0
35,67.56,1,month-to-month,0,97.3,0
2,69.05,1,month-to-month,0,133.2,1
8,66.42,0,one-year,1,126.3,0
4,64.77,1,one-year,0,68.8,0
5,91.56,4,one-year,0,90.9,1
62,38.65,2,two-year,1,45.1,0
60,58.9,2,month-to-month,0,82.8,0
59,82.65,1,one-year,0,68.1,0
4,85.29,2,month-to-month,0,75.9,0
5,31.56,2,month-to-month,1,63.8,0
20,53.75,2,month-to-month,0,80.0,1
40,87.16,0,month-to-month,1,108.6,0
24,70.16,0,month-to-month,1,85.8,0
35,63.91,1,one-year,1,24.7,0
12,55.65,3,month-to-month,0,63.9,0
52,52.32,2,two-year,0,36.8,0
22,65.76,3,month-to-month,0,98.5,0
4,54.95,1,month-to-month,1,107.6,0
53,59.15,1,one-year,1,99.0,0
65,61.57,1,month-to-month,1,62.4,0
1,46.44,2,month-to-month,0,98.6,0
31,70.64,1,one-year,0,73.5,0
59,118.28,1,month-to-month,1,50.2,0
50,24.46,0,month-to-month,0,116.0,0
61,66.48,1,one-year,1,118.6,0
29,44.8,1,month-to-month,0,123.2,0
26,71.55,1,one-year,1,68.7,0
51,60.93,0,one-year,1,131.3,0
11,75.24,1,month-to-month,0,72.7,0
17,83.51,2,month-to-month,0,112.9,1
43,63.85,1,month-to-month,1,72.1,0
48,82.64,0,one-year,0,82.2,0
8,13.11,0,month-to-month,0,5.3,0
36,91.81,2,two-year,0,79.4,0
26,67.5,0,month-to-month,0,93.2,0
36,81.56,1,one-year,1,75.6,1
69,35.6,3,month-to-month,0,151.5,0
5,43.38,2,month-to-month,0,49.3,0
71,62.92,1,month-to-month,1,70.3,0
32,59.66,3,month-to-month,0,58.3,1
55,65.66,1,two-year,0,70.3,0
30,81.69,2,month-to-month,1,126.1,1
22,24.7,0,month-to-month,1,141.7,0
55,79.48,2,month-to-month,1,65.5,0
49,60.17,4,month-to-month,1,64.7,1
10,55.92,1,two-year,0,49.5,0
50,30.58,1,two-year,0,135.7,1
54,70.06,4,two-year,1,129.2,0
27,11.72,1,month-to-month,1,86.3,0
66,72.97,0,month-to-month,1,41.1,0
46,30.16,3,one-year,0,44.3,0
24,61.07,1,month-to-month,0,96.0,1
0,57.62,0,one-year,0,109.2,0
48,83.39,1,month-to-month,1,17.7,0
15,56.43,0,month-to-month,1,78.8,0
54,46.12,0,two-year,0,146.6,0
37,49.87,1,month-to-month,0,82.4,0
33,85.46,1,two-year,0,142.1,1
11,70.73,1,month-to-month,0,112.7,1
51,52.29,1,month-to-month,1,52.1,0
11,55.27,0,month-to-month,1,79.8,0
30,28.66,1,month-to-month,0,85.5,1
60,67.77,1,month-to-month,1,56.7,0
66,24.8,1,month-to-month,1,56.1,0
71,75.04,2,one-year,0,142.7,0
68,62.57,0,two-year,0,55.8,0
40,107.74,0,month-to-month,0,127.7,0
14,38.0,1,month-to-month,0,74.7,0
60,57.95,4,month-to-month,0,89.1,0
57,95.97,2,one-year,1,109.7,0
71,83.83,4,month-to-month,0,69.1,0
46,46.08,3,month-to-month,0,109.9,0
10,64.48,0,month-to-month,1,18.4,0
36,60.04,0,month-to-month,0,105.4,0
32,65.64,0,month-to-month,1,5.0,0
60,46.03,1,month-to-month,1,82.1,0
28,58.21,3,two-year,1,119.9,0
23,28.04,1,month-to-month,1,111.8,1
5,62.7,1,month-to-month,1,44.6,0
60,69.0,0,month-to-month,1,49.1,0
54,55.45,0,month-to-month,0,65.9,0
2,27.7,1,month-to-month,0,96.5,0
31,79.77,3,month-to-month,0,18.9,1
34,67.29,0,month-to-month,0,89.5,0
33,45.48,1,one-year,0,100.9,0
66,54.39,1,month-to-month,0,80.1,0
10,29.99,1,two-year,0,108.4,0
22,39.49,1,month-to-month,0,97.8,0
13,49.24,1,month-to-month,0,71.0,0
17,84.57,2,two-year,1,22.2,1
65,47.21,0,one-year,1,94.7,0
67,72.8,1,month-to-month,1,56.6,1
3,49.23,0,one-year,0,69.8,0
45,64.96,2,month-to-month,1,106.8,0
16,57.17,1,month-to-month,1,139.6,0
13,77.46,1,one-year,0,88.7,0
21,49.3,2,one-year,1,109.4,0
13,28.55,0,month-to-month,0,39.4,0
35,32.36,2,one-year,1,98.6,0
71,49.36,3,month-to-month,1,87.9,0
42,35.02,2,month-to-month,0,133.0,0
52,68.2,1,two-year,1,71.1,0
35,50.68,0,month-to-month,0,81.5,0
1,107.49,1,month-to-month,0,127.1,1
6,25.25,0,month-to-month,0,86.8,0
19,64.07,0,month-to-month,0,51.2,0
17,37.44,2,month-to-month,0,179.3,0
60,50.13,0,two-year,1,52.2,0
60,62.83,2,one-year,0,87.7,0
61,13.49,2,one-year,0,102.1,0
45,64.74,2,month-to-month,1,99.4,1
40,98.06,2,month-to-month,0,83.4,0
46,50.93,3,month-to-month,0,83.5,0
29,65.2,1,month-to-month,1,81.8,0
48,80.5,0,month-to-month,1,50.9,0
57,56.72,2,one-year,0,165.3,0
54,48.38,1,two-year,0,82.3,0
44,14.49,1,month-to-month,1,110.9,0
4,72.82,0,month-to-month,1,78.3,0
52,57.74,1,one-year,0,77.6,1
26,39.75,1,month-to-month,0,74.1,0
53,62.53,2,two-year,0,35.8,1
38,48.33,0,month-to-month,1,84.4,0
63,49.43,0,month-to-month,1,75.8,0
24,72.13,2,month-to-month,1,131.0,1
67,33.23,1,two-year,0,48.1,0
60,80.95,2,month-to-month,1,69.8,0
23,32.05,2,one-year,1,58.6,0
34,46.75,0,month-to-month,0,140.5,0
38,98.46,0,month-to-month,1,59.6,0
55,82.55,1,two-year,0,109.7,0
49,61.95,3,month-to-month,0,124.0,0
61,41.19,0,month-to-month,1,84.9,0
26,49.41,1,month-to-month,0,41.8,0
36,61.47,4,two-year,1,42.3,0
31,60.75,2,month-to-month,0,120.1,0
65,58.18,0,month-to-month,0,45.9,0
21,59.38,0,two-year,0,103.7,1
42,55.71,1,one-year,0,94.0,0
8,31.16,3,two-year,0,103.2,0
61,49.67,1,one-year,1,106.5,0
27,78.29,2,one-year,0,57.3,1
24,32.63,0,month-to-month,0,55.9,0
41,56.21,0,month-to-month,1,115.0,0
35,43.6,2,one-year,0,68.0,0
61,62.23,0,one-year,1,5.0,0
38,52.23,1,two-year,0,112.7,1
37,89.55,4,month-to-month,0,53.7,1
7,70.13,1,month-to-month,1,106.3,0
1,33.76,0,month-to-month,1,138.7,0
28,73.42,1,one-year,1,90.6,0
71,44.51,3,month-to-month,0,124.9,0
66,48.46,2,one-year,0,95.4,1
45,66.28,3,month-to-month,1,145.6,1
45,50.17,0,month-to-month,1,52.8,0
28,77.86,1,month-to-month,1,89.7,0
12,44.51,0,one-year,1,113.6,1
0,47.62,1,two-year,1,83.3,0
24,46.87,0,month-to-month,0,130.3,0
22,48.69,1,month-to-month,1,74.9,0
13,81.98,1,month-to-month,0,162.4,0
18,72.58,1,month-to-month,0,164.3,1
1,94.2,1,month-to-month,1,99.9,1
43,105.35,1,two-year,0,109.3,1
66,39.39,0,two-year,0,131.7,0
49,61.41,3,month-to-month,1,48.4,0
32,36.48,0,month-to-month,1,44.1,0
30,44.45,2,month-to-month,0,134.0,1
22,47.4,2,month-to-month,1,99.6,0
10,38.86,1,month-to-month,0,82.1,1
43,38.96,0,one-year,1,90.4,0
40,57.11,1,month-to-month,0,6.5,0
0,35.67,3,one-year,0,83.3,0
29,76.84,0,month-to-month,0,63.6,0
20,41.64,1,one-year,0,122.1,0
12,116.19,3,one-year,0,124.8,0
50,50.97,1,month-to-month,0,110.2,0
37,61.44,1,month-to-month,1,103.8,0
45,34.09,0,one-year,0,37.6,0
51,94.12,2,one-year,0,110.7,0
70,82.39,0,month-to-month,1,112.0,0
57,65.94,1,month-to-month,1,133.6,0
44,33.06,0,month-to-month,1,164.1,0
